{"avgs": [0.0, 0.0, 0.0, 0.0, 0.0, 0.1, 0.1, 0.1, 0.1, 0.1, 0.1, 0.3, 0.3, 0.3, 0.4, 0.4, 0.5, 0.8, 1.0, 1.0, 1.1, 1.1, 1.2, 1.3, 1.5, 1.5, 1.5, 1.6, 1.6, 1.6, 1.6, 1.7, 1.8, 1.8, 1.8, 2.1, 2.1, 2.2, 2.2, 2.3, 2.3, 2.3, 2.3, 2.3, 2.4, 2.4, 2.7, 2.7, 2.9, 2.9, 3.1, 3.2, 3.2, 3.3, 3.3, 3.4, 3.4, 3.4, 3.4, 3.4, 3.4, 3.5, 3.7, 3.7, 3.7, 3.8, 3.8, 3.9, 3.9, 3.9, 4.0, 4.0, 4.1, 4.2, 4.3, 4.4, 4.4, 4.4, 4.4, 4.4, 4.5, 4.7, 4.8, 5.1, 5.2, 5.2, 5.3, 5.4, 5.4, 5.6, 5.7, 5.9, 6.1, 6.1, 6.4, 6.4, 6.5, 6.5, 6.5, 6.6], "maxima": [0, 0, 0, 0, 0, 1, 1, 1, 1, 1, 1, 2, 2, 2, 2, 2, 2, 3, 3, 3, 3, 3, 3, 3, 3, 3, 3, 4, 4, 4, 4, 4, 4, 4, 4, 4, 4, 4, 4, 5, 5, 5, 5, 5, 5, 5, 6, 6, 7, 7, 7, 7, 7, 7, 7, 7, 7, 7, 7, 7, 7, 7, 7, 7, 7, 7, 7, 7, 7, 7, 7, 7, 8, 8, 8, 8, 8, 8, 8, 8, 8, 8, 9, 9, 9, 9, 9, 9, 9, 9, 9, 9, 9, 9, 9, 9, 9, 9, 9, 9], "stddev": [0.0, 0.0, 0.0, 0.0, 0.0, 0.30000000000000004, 0.30000000000000004, 0.30000000000000004, 0.30000000000000004, 0.30000000000000004, 0.30000000000000004, 0.6403124237432849, 0.6403124237432849, 0.6403124237432849, 0.66332495807108, 0.66332495807108, 0.6708203932499369, 0.8717797887081348, 0.7745966692414834, 0.7745966692414834, 0.8306623862918074, 0.8306623862918074, 0.8717797887081347, 0.7810249675906654, 0.9219544457292888, 0.9219544457292888, 0.9219544457292888, 1.1135528725660044, 1.1135528725660044, 1.1135528725660044, 1.1135528725660044, 1.1, 1.077032961426901, 1.077032961426901, 1.077032961426901, 1.044030650891055, 1.044030650891055, 0.9797958971132713, 0.9797958971132713, 1.1874342087037917, 1.1874342087037917, 1.1874342087037917, 1.1874342087037917, 1.1874342087037917, 1.2, 1.2, 1.4866068747318506, 1.4866068747318506, 1.7000000000000002, 1.7000000000000002, 1.5132745950421556, 1.5362291495737217, 1.5362291495737217, 1.5524174696260022, 1.5524174696260022, 1.5620499351813308, 1.5620499351813308, 1.5620499351813308, 1.5620499351813308, 1.5620499351813308, 1.5620499351813308, 1.5652475842498528, 1.7349351572897471, 1.7349351572897471, 1.7349351572897471, 1.8867962264113207, 1.8867962264113207, 1.8681541692269403, 1.8681541692269403, 1.8681541692269403, 1.7320508075688772, 1.7320508075688772, 1.9209372712298547, 1.9390719429665317, 1.9519221295943134, 1.9595917942265424, 1.9595917942265424, 1.9595917942265424, 1.9595917942265424, 1.9595917942265424, 1.9621416870348585, 2.0518284528683193, 2.227105745132009, 2.4269322199023193, 2.3151673805580453, 2.3151673805580453, 2.282542442102666, 2.2891046284519194, 2.2891046284519194, 2.244994432064365, 2.282542442102666, 2.211334438749598, 2.2113344387495983, 2.2113344387495983, 2.154065922853802, 2.154065922853802, 1.9621416870348585, 1.9621416870348585, 1.9621416870348585, 1.9595917942265426], "minima": [0, 0, 0, 0, 0, 0, 0, 0, 0, 0, 0, 0, 0, 0, 0, 0, 0, 0, 0, 0, 0, 0, 0, 0, 0, 0, 0, 0, 0, 0, 0, 0, 0, 0, 0, 1, 1, 1, 1, 1, 1, 1, 1, 1, 1, 1, 1, 1, 1, 1, 1, 1, 1, 1, 1, 1, 1, 1, 1, 1, 1, 1, 1, 1, 1, 1, 1, 1, 1, 1, 2, 2, 2, 2, 2, 2, 2, 2, 2, 2, 2, 2, 2, 2, 2, 2, 2, 2, 2, 2, 2, 2, 2, 2, 2, 2, 3, 3, 3, 3]}