{"avgs": [0.0, 0.0, 0.0, 0.0, 0.0, 0.0, 0.0, 0.0, 0.0, 0.0, 0.0, 0.1, 0.1, 0.1, 0.1, 0.2, 0.2, 0.3, 0.3, 0.3, 0.3, 0.3, 0.3, 0.3, 0.5, 0.5, 0.5, 0.5, 0.6, 0.6, 0.6, 0.6, 0.6, 0.6, 0.7, 0.8, 0.8, 0.8, 0.8, 0.8, 1.1, 1.2, 1.3, 1.3, 1.3, 1.4, 1.6, 1.6, 1.6, 1.6, 1.6, 1.6, 1.7, 1.7, 1.7, 1.7, 1.7, 1.8, 1.8, 2.0, 2.0, 2.0, 2.2, 2.2, 2.3, 2.3, 2.3, 2.3, 2.3, 2.3, 2.3, 2.4, 2.4, 2.5, 2.6, 2.8, 2.8, 2.9, 3.0, 3.1, 3.1, 3.2, 3.2, 3.3, 3.3, 3.3, 3.4, 3.5, 3.6, 3.7, 3.8, 3.9, 4.0, 4.0, 4.0, 4.1, 4.2, 4.3, 4.4, 4.5], "maxima": [0, 0, 0, 0, 0, 0, 0, 0, 0, 0, 0, 1, 1, 1, 1, 1, 1, 1, 1, 1, 1, 1, 1, 1, 2, 2, 2, 2, 2, 2, 2, 2, 2, 2, 2, 2, 2, 2, 2, 2, 3, 3, 3, 3, 3, 3, 5, 5, 5, 5, 5, 5, 5, 5, 5, 5, 5, 5, 5, 5, 5, 5, 5, 5, 5, 5, 5, 5, 5, 5, 5, 5, 5, 5, 5, 6, 6, 6, 6, 6, 6, 6, 6, 6, 6, 6, 6, 7, 7, 7, 7, 7, 8, 8, 8, 8, 9, 9, 9, 9], "stddev": [0.0, 0.0, 0.0, 0.0, 0.0, 0.0, 0.0, 0.0, 0.0, 0.0, 0.0, 0.30000000000000004, 0.30000000000000004, 0.30000000000000004, 0.30000000000000004, 0.4000000000000001, 0.4000000000000001, 0.45825756949558394, 0.45825756949558394, 0.45825756949558394, 0.45825756949558394, 0.45825756949558394, 0.45825756949558394, 0.45825756949558394, 0.6708203932499369, 0.6708203932499369, 0.6708203932499369, 0.6708203932499369, 0.8, 0.8, 0.8, 0.8, 0.8, 0.8, 0.7810249675906655, 0.8717797887081348, 0.8717797887081348, 0.8717797887081348, 0.8717797887081348, 0.8717797887081348, 1.044030650891055, 1.0770329614269007, 1.1874342087037917, 1.1874342087037917, 1.1874342087037917, 1.2806248474865698, 1.624807680927192, 1.624807680927192, 1.624807680927192, 1.624807680927192, 1.624807680927192, 1.624807680927192, 1.5524174696260022, 1.5524174696260022, 1.5524174696260022, 1.5524174696260022, 1.5524174696260022, 1.469693845669907, 1.469693845669907, 1.4832396974191326, 1.4832396974191326, 1.4832396974191326, 1.661324772583615, 1.661324772583615, 1.552417469626002, 1.552417469626002, 1.552417469626002, 1.552417469626002, 1.552417469626002, 1.552417469626002, 1.552417469626002, 1.4966629547095767, 1.4966629547095767, 1.5, 1.42828568570857, 1.5362291495737217, 1.5362291495737217, 1.57797338380595, 1.5491933384829668, 1.57797338380595, 1.57797338380595, 1.469693845669907, 1.469693845669907, 1.4866068747318504, 1.4866068747318504, 1.4866068747318504, 1.42828568570857, 1.6278820596099706, 1.7435595774162695, 1.9, 1.9390719429665317, 1.8681541692269406, 2.04939015319192, 2.04939015319192, 2.04939015319192, 2.0223748416156684, 2.227105745132009, 2.1, 2.1071307505705477, 2.0124611797498106], "minima": [0, 0, 0, 0, 0, 0, 0, 0, 0, 0, 0, 0, 0, 0, 0, 0, 0, 0, 0, 0, 0, 0, 0, 0, 0, 0, 0, 0, 0, 0, 0, 0, 0, 0, 0, 0, 0, 0, 0, 0, 0, 0, 0, 0, 0, 0, 0, 0, 0, 0, 0, 0, 0, 0, 0, 0, 0, 0, 0, 0, 0, 0, 0, 0, 1, 1, 1, 1, 1, 1, 1, 1, 1, 1, 1, 1, 1, 1, 1, 1, 1, 1, 1, 1, 1, 1, 1, 1, 1, 1, 1, 1, 1, 1, 1, 1, 1, 2, 2, 2]}