{"stddev": [0.0, 0.0, 0.0, 0.0, 0.4000000000000001, 0.66332495807108, 0.9000000000000001, 0.8717797887081347, 0.9433981132056605, 0.9433981132056605, 1.0954451150103321, 1.2489995996796797, 1.4966629547095764, 1.5524174696260022, 1.661324772583615, 1.6401219466856727, 1.5491933384829668, 1.445683229480096, 1.42828568570857, 1.42828568570857, 1.1874342087037917, 1.044030650891055, 1.1832159566199232, 1.2489995996796797, 1.2489995996796797, 1.2489995996796797, 1.3564659966250536, 1.3564659966250536, 1.4696938456699067, 1.61245154965971, 1.7916472867168916, 1.7435595774162693, 1.9078784028338913, 1.9, 2.08806130178211, 2.1656407827707715, 2.1656407827707715, 2.1656407827707715, 2.1656407827707715, 2.181742422927143, 2.3769728648009427, 2.3769728648009427, 2.3748684174075834, 2.6076809620810595, 2.6076809620810595, 2.685144316419511, 2.685144316419511, 3.1, 3.176476034853718, 3.0919249667480613, 2.9342801502242417, 3.001666203960727, 3.1764760348537187, 3.255764119219941, 3.163858403911275, 3.4132096331752027, 3.407345007480164, 3.407345007480164, 3.407345007480164, 3.3105890714493698, 3.3600595232822887, 3.3600595232822883, 3.2186953878862163, 3.3181320046074116, 3.3181320046074116, 3.2924155266308657, 3.2924155266308657, 3.3181320046074116, 3.249615361854384, 3.249615361854384, 3.249615361854384, 3.249615361854384, 3.0983866769659336, 3.0983866769659336, 3.0983866769659336, 3.0983866769659336, 3.0805843601498726, 3.1320919526731648, 2.9748949561287032, 2.9342801502242417, 3.080584360149872, 3.1937438845342623, 3.3301651610693423, 3.0675723300355937, 3.168595903550972, 3.168595903550972, 3.1999999999999997, 3.1874754901018454, 3.1622776601683795, 3.269556544854363, 3.269556544854363, 3.269556544854363, 3.2186953878862163, 3.348133808556641, 3.383784863137726, 3.2078029864690882, 3.3000000000000003, 3.3000000000000003, 3.3000000000000003, 3.4], "avgs": [0.0, 0.0, 0.0, 0.0, 0.2, 0.4, 0.7, 0.8, 0.9, 0.9, 1.0, 1.2, 1.6, 1.7, 1.8, 1.9, 2.0, 2.1, 2.4, 2.4, 2.7, 2.9, 3.0, 3.2, 3.2, 3.2, 3.6, 3.6, 3.8, 4.0, 4.3, 4.4, 4.6, 4.7, 4.8, 4.9, 4.9, 5.1, 5.1, 5.2, 5.5, 5.5, 5.6, 6.0, 6.0, 6.3, 6.3, 6.7, 7.1, 7.2, 7.3, 7.7, 7.9, 8.0, 8.3, 8.5, 8.7, 8.7, 8.7, 8.8, 8.9, 9.1, 9.2, 9.3, 9.3, 9.4, 9.4, 9.7, 9.8, 9.8, 9.8, 9.8, 10.0, 10.0, 10.0, 10.0, 10.1, 10.3, 10.5, 10.7, 10.9, 11.0, 11.1, 11.3, 11.4, 11.4, 11.6, 11.8, 12.0, 12.1, 12.1, 12.1, 12.2, 12.3, 12.5, 12.9, 13.1, 13.1, 13.1, 13.2], "minima": [0, 0, 0, 0, 0, 0, 0, 0, 0, 0, 0, 0, 0, 0, 0, 0, 0, 0, 1, 1, 1, 2, 2, 2, 2, 2, 2, 2, 2, 2, 2, 2, 2, 2, 2, 2, 2, 2, 2, 2, 2, 2, 2, 2, 2, 2, 2, 2, 2, 2, 3, 3, 3, 3, 3, 3, 4, 4, 4, 4, 4, 4, 5, 5, 5, 5, 5, 5, 5, 5, 5, 5, 6, 6, 6, 6, 6, 6, 6, 6, 6, 6, 6, 7, 7, 7, 7, 7, 8, 8, 8, 8, 8, 8, 8, 9, 9, 9, 9, 9], "maxima": [0, 0, 0, 0, 1, 2, 2, 2, 2, 2, 3, 4, 4, 4, 4, 4, 4, 4, 5, 5, 5, 5, 5, 5, 5, 5, 6, 6, 6, 6, 7, 7, 8, 8, 9, 9, 9, 9, 9, 9, 10, 10, 10, 11, 11, 11, 11, 12, 13, 13, 13, 13, 13, 13, 13, 13, 14, 14, 14, 14, 14, 14, 14, 14, 14, 14, 14, 14, 14, 14, 14, 14, 14, 14, 14, 14, 14, 14, 14, 14, 14, 15, 16, 16, 16, 16, 16, 16, 16, 16, 16, 16, 16, 17, 18, 18, 18, 18, 18, 18]}