{"avgs": [0.0, 0.1, 0.1, 0.1, 0.2, 0.2, 0.2, 0.2, 0.2, 0.4, 0.4, 0.4, 0.4, 0.5, 0.5, 0.6, 0.6, 0.7, 0.8, 0.8, 0.8, 0.8, 0.9, 1.0, 1.1, 1.2, 1.3, 1.3, 1.4, 1.5, 1.6, 1.7, 1.7, 1.8, 1.9, 1.9, 2.1, 2.3, 2.4, 2.4, 2.5, 2.7, 2.8, 2.8, 2.8, 2.8, 3.0, 3.3, 3.5, 3.5, 3.5, 3.6, 3.9, 4.0, 4.2, 4.2, 4.3, 4.3, 4.6, 4.7, 4.7, 4.8, 4.9, 5.0, 5.0, 5.0, 5.0, 5.3, 5.3, 5.7, 6.0, 6.0, 6.0, 6.0, 6.2, 6.4, 6.5, 6.6, 6.6, 6.6, 6.6, 6.7, 6.9, 7.1, 7.1, 7.2, 7.4, 7.6, 7.7, 7.7, 8.0, 8.2, 8.3, 8.5, 8.5, 8.6, 9.0, 9.0, 9.2, 9.3], "maxima": [0, 1, 1, 1, 1, 1, 1, 1, 1, 2, 2, 2, 2, 2, 2, 2, 2, 2, 2, 2, 2, 2, 2, 2, 3, 3, 3, 3, 3, 3, 3, 3, 3, 3, 3, 3, 4, 4, 4, 4, 4, 4, 4, 4, 4, 4, 4, 5, 5, 5, 5, 5, 5, 5, 6, 6, 6, 6, 6, 6, 6, 6, 7, 7, 7, 7, 7, 7, 7, 8, 8, 8, 8, 8, 8, 8, 9, 9, 9, 9, 9, 9, 9, 10, 10, 10, 11, 12, 12, 12, 13, 13, 13, 13, 13, 13, 13, 13, 13, 13], "stddev": [0.0, 0.30000000000000004, 0.30000000000000004, 0.30000000000000004, 0.4000000000000001, 0.4000000000000001, 0.4000000000000001, 0.4000000000000001, 0.4000000000000001, 0.66332495807108, 0.66332495807108, 0.66332495807108, 0.66332495807108, 0.806225774829855, 0.806225774829855, 0.8, 0.8, 0.7810249675906655, 0.7483314773547883, 0.7483314773547883, 0.7483314773547883, 0.7483314773547883, 0.8306623862918076, 0.7745966692414834, 0.9433981132056604, 1.0770329614269007, 1.004987562112089, 1.004987562112089, 1.019803902718557, 0.9219544457292888, 1.0198039027185568, 1.004987562112089, 1.004987562112089, 1.0770329614269007, 1.044030650891055, 1.044030650891055, 1.2206555615733703, 1.004987562112089, 1.1135528725660044, 1.1135528725660044, 1.02469507659596, 1.004987562112089, 0.9797958971132713, 0.9797958971132713, 0.9797958971132713, 0.9797958971132713, 1.0, 1.1, 1.118033988749895, 1.118033988749895, 1.118033988749895, 1.1135528725660042, 0.8306623862918074, 0.7745966692414834, 0.8717797887081347, 0.8717797887081347, 0.9, 0.9, 0.9165151389911681, 0.9, 0.9, 0.7483314773547882, 0.9433981132056604, 1.0954451150103321, 1.0954451150103321, 1.0954451150103321, 1.0954451150103321, 1.004987562112089, 1.004987562112089, 1.268857754044952, 1.0954451150103321, 1.0954451150103321, 1.0954451150103321, 1.0954451150103321, 0.9797958971132712, 1.0198039027185568, 1.2041594578792296, 1.2, 1.2, 1.2, 1.2, 1.3453624047073711, 1.374772708486752, 1.57797338380595, 1.57797338380595, 1.469693845669907, 1.7435595774162693, 2.009975124224178, 2.0999999999999996, 2.0999999999999996, 2.3664319132398464, 2.2715633383201093, 2.3259406699226015, 2.202271554554524, 2.202271554554524, 2.1999999999999997, 2.4083189157584592, 2.4083189157584592, 2.2715633383201093, 2.3685438564654024], "minima": [0, 0, 0, 0, 0, 0, 0, 0, 0, 0, 0, 0, 0, 0, 0, 0, 0, 0, 0, 0, 0, 0, 0, 0, 0, 0, 0, 0, 0, 0, 0, 0, 0, 0, 0, 0, 0, 1, 1, 1, 1, 1, 1, 1, 1, 1, 1, 1, 1, 1, 1, 1, 3, 3, 3, 3, 3, 3, 3, 3, 3, 4, 4, 4, 4, 4, 4, 4, 4, 4, 4, 4, 4, 4, 5, 5, 5, 5, 5, 5, 5, 5, 5, 5, 5, 5, 5, 5, 5, 5, 5, 5, 5, 5, 5, 5, 5, 5, 5, 5]}