{"avgs": [0.0, 0.0, 0.0, 0.0, 0.0, 0.0, 0.1, 0.3, 0.4, 0.4, 0.4, 0.4, 0.4, 0.5, 0.5, 0.5, 0.5, 0.6, 0.6, 0.6, 0.6, 0.6, 0.7, 0.7, 0.7, 0.7, 0.7, 0.7, 0.7, 0.7, 0.9, 0.9, 0.9, 0.9, 1.0, 1.1, 1.1, 1.1, 1.1, 1.1, 1.1, 1.3, 1.3, 1.3, 1.5, 1.6, 1.6, 1.7, 1.7, 1.8, 1.8, 1.9, 2.0, 2.0, 2.0, 2.0, 2.0, 2.1, 2.1, 2.1, 2.1, 2.1, 2.2, 2.2, 2.3, 2.3, 2.3, 2.6, 2.6, 2.6, 2.6, 2.6, 2.6, 2.7, 2.9, 2.9, 2.9, 3.0, 3.1, 3.1, 3.1, 3.1, 3.1, 3.1, 3.1, 3.1, 3.1, 3.1, 3.1, 3.1, 3.1, 3.1, 3.1, 3.1, 3.1, 3.1, 3.1, 3.1, 3.1, 3.1], "maxima": [0, 0, 0, 0, 0, 0, 1, 1, 2, 2, 2, 2, 2, 3, 3, 3, 3, 3, 3, 3, 3, 3, 3, 3, 3, 3, 3, 3, 3, 3, 3, 3, 3, 3, 3, 4, 4, 4, 4, 4, 4, 4, 4, 4, 4, 4, 4, 5, 5, 5, 5, 5, 5, 5, 5, 5, 5, 5, 5, 5, 5, 5, 6, 6, 6, 6, 6, 7, 7, 7, 7, 7, 7, 7, 7, 7, 7, 7, 7, 7, 7, 7, 7, 7, 7, 7, 7, 7, 7, 7, 7, 7, 7, 7, 7, 7, 7, 7, 7, 7], "stddev": [0.0, 0.0, 0.0, 0.0, 0.0, 0.0, 0.30000000000000004, 0.45825756949558394, 0.66332495807108, 0.66332495807108, 0.66332495807108, 0.66332495807108, 0.66332495807108, 0.9219544457292888, 0.9219544457292888, 0.9219544457292888, 0.9219544457292888, 0.9165151389911679, 0.9165151389911679, 0.9165151389911679, 0.9165151389911679, 0.9165151389911679, 1.004987562112089, 1.004987562112089, 1.004987562112089, 1.004987562112089, 1.004987562112089, 1.004987562112089, 1.004987562112089, 1.004987562112089, 1.044030650891055, 1.044030650891055, 1.044030650891055, 1.044030650891055, 1.0, 1.2206555615733703, 1.2206555615733703, 1.2206555615733703, 1.2206555615733703, 1.2206555615733703, 1.2206555615733703, 1.3453624047073711, 1.3453624047073711, 1.3453624047073711, 1.3601470508735443, 1.4966629547095764, 1.4966629547095764, 1.676305461424021, 1.676305461424021, 1.6, 1.6, 1.5132745950421556, 1.6733200530681511, 1.6733200530681511, 1.6733200530681511, 1.6733200530681511, 1.6733200530681511, 1.7000000000000002, 1.7000000000000002, 1.7000000000000002, 1.7000000000000002, 1.7000000000000002, 1.8867962264113207, 1.8867962264113207, 2.051828452868319, 2.051828452868319, 2.051828452868319, 2.4576411454889016, 2.4576411454889016, 2.4576411454889016, 2.4576411454889016, 2.4576411454889016, 2.4576411454889016, 2.4103941586387903, 2.3430749027719964, 2.3430749027719964, 2.3430749027719964, 2.32379000772445, 2.3430749027719964, 2.3430749027719964, 2.3430749027719964, 2.3430749027719964, 2.3430749027719964, 2.3430749027719964, 2.3430749027719964, 2.3430749027719964, 2.3430749027719964, 2.3430749027719964, 2.3430749027719964, 2.3430749027719964, 2.3430749027719964, 2.3430749027719964, 2.3430749027719964, 2.3430749027719964, 2.3430749027719964, 2.3430749027719964, 2.3430749027719964, 2.3430749027719964, 2.3430749027719964, 2.3430749027719964], "minima": [0, 0, 0, 0, 0, 0, 0, 0, 0, 0, 0, 0, 0, 0, 0, 0, 0, 0, 0, 0, 0, 0, 0, 0, 0, 0, 0, 0, 0, 0, 0, 0, 0, 0, 0, 0, 0, 0, 0, 0, 0, 0, 0, 0, 0, 0, 0, 0, 0, 0, 0, 0, 0, 0, 0, 0, 0, 0, 0, 0, 0, 0, 0, 0, 0, 0, 0, 0, 0, 0, 0, 0, 0, 0, 0, 0, 0, 0, 0, 0, 0, 0, 0, 0, 0, 0, 0, 0, 0, 0, 0, 0, 0, 0, 0, 0, 0, 0, 0, 0]}