{"stddev": [0.0, 0.0, 0.4000000000000001, 0.4000000000000001, 0.4000000000000001, 0.4000000000000001, 0.4000000000000001, 0.4000000000000001, 0.6403124237432849, 0.6403124237432849, 0.6403124237432849, 0.6403124237432849, 0.8000000000000002, 0.8000000000000002, 0.8000000000000002, 0.806225774829855, 1.0198039027185568, 1.268857754044952, 1.32664991614216, 1.32664991614216, 1.32664991614216, 1.32664991614216, 1.32664991614216, 1.445683229480096, 1.445683229480096, 1.4142135623730951, 1.4142135623730951, 1.4142135623730951, 1.4142135623730951, 1.4142135623730951, 1.5132745950421556, 1.5132745950421556, 1.6613247725836149, 1.8466185312619388, 1.8466185312619388, 1.8, 1.8, 1.8, 1.8, 1.8, 1.8, 1.7435595774162693, 1.7435595774162693, 1.7435595774162693, 1.7435595774162693, 1.9519221295943134, 1.9519221295943134, 1.98997487421324, 2.071231517720798, 2.071231517720798, 2.280350850198276, 2.280350850198276, 2.2113344387495983, 2.2113344387495983, 2.2113344387495983, 2.2113344387495983, 2.2113344387495983, 2.2113344387495983, 2.2113344387495983, 2.2113344387495983, 2.2113344387495983, 2.2113344387495983, 2.2113344387495983, 2.1354156504062622, 2.1354156504062622, 2.1354156504062622, 2.1354156504062622, 2.1354156504062622, 2.1354156504062622, 2.1354156504062622, 2.009975124224178, 2.009975124224178, 2.009975124224178, 2.009975124224178, 2.009975124224178, 2.009975124224178, 1.9621416870348585, 1.9621416870348585, 1.9078784028338913, 1.9078784028338913, 1.9000000000000001, 2.1354156504062622, 2.0223748416156684, 2.0223748416156684, 2.0223748416156684, 2.0223748416156684, 2.0223748416156684, 2.0223748416156684, 2.0223748416156684, 2.0223748416156684, 2.0223748416156684, 2.0223748416156684, 2.0223748416156684, 2.0223748416156684, 2.0223748416156684, 2.0223748416156684, 2.0223748416156684, 2.0223748416156684, 2.0223748416156684, 2.0223748416156684], "avgs": [0.0, 0.0, 0.2, 0.2, 0.2, 0.2, 0.2, 0.2, 0.3, 0.3, 0.3, 0.3, 0.4, 0.4, 0.4, 0.5, 0.6, 0.7, 0.8, 0.8, 0.8, 0.8, 0.8, 0.9, 0.9, 1.0, 1.0, 1.0, 1.0, 1.0, 1.1, 1.1, 1.2, 1.3, 1.3, 1.4, 1.4, 1.4, 1.4, 1.4, 1.4, 1.6, 1.6, 1.6, 1.6, 1.7, 1.7, 1.8, 1.9, 1.9, 2.0, 2.0, 2.1, 2.1, 2.1, 2.1, 2.1, 2.1, 2.1, 2.1, 2.1, 2.1, 2.1, 2.2, 2.2, 2.2, 2.2, 2.2, 2.2, 2.2, 2.4, 2.4, 2.4, 2.4, 2.4, 2.4, 2.5, 2.5, 2.6, 2.6, 2.7, 2.8, 2.9, 2.9, 2.9, 2.9, 2.9, 2.9, 2.9, 2.9, 2.9, 2.9, 2.9, 2.9, 2.9, 2.9, 2.9, 2.9, 2.9, 2.9], "minima": [0, 0, 0, 0, 0, 0, 0, 0, 0, 0, 0, 0, 0, 0, 0, 0, 0, 0, 0, 0, 0, 0, 0, 0, 0, 0, 0, 0, 0, 0, 0, 0, 0, 0, 0, 0, 0, 0, 0, 0, 0, 0, 0, 0, 0, 0, 0, 0, 0, 0, 0, 0, 0, 0, 0, 0, 0, 0, 0, 0, 0, 0, 0, 0, 0, 0, 0, 0, 0, 0, 0, 0, 0, 0, 0, 0, 0, 0, 0, 0, 0, 0, 1, 1, 1, 1, 1, 1, 1, 1, 1, 1, 1, 1, 1, 1, 1, 1, 1, 1], "maxima": [0, 0, 1, 1, 1, 1, 1, 1, 2, 2, 2, 2, 2, 2, 2, 2, 3, 4, 4, 4, 4, 4, 4, 4, 4, 4, 4, 4, 4, 4, 4, 4, 4, 5, 5, 5, 5, 5, 5, 5, 5, 5, 5, 5, 5, 6, 6, 6, 6, 6, 7, 7, 7, 7, 7, 7, 7, 7, 7, 7, 7, 7, 7, 7, 7, 7, 7, 7, 7, 7, 7, 7, 7, 7, 7, 7, 7, 7, 7, 7, 7, 8, 8, 8, 8, 8, 8, 8, 8, 8, 8, 8, 8, 8, 8, 8, 8, 8, 8, 8]}