{"avgs": [0.0, 0.0, 0.0, 0.0, 0.0, 0.0, 0.0, 0.1, 0.1, 0.1, 0.2, 0.2, 0.2, 0.2, 0.2, 0.2, 0.3, 0.3, 0.4, 0.4, 0.4, 0.4, 0.4, 0.4, 0.4, 0.4, 0.4, 0.4, 0.4, 0.4, 0.4, 0.4, 0.5, 0.5, 0.5, 0.5, 0.5, 0.5, 0.5, 0.5, 0.7, 0.7, 0.7, 0.7, 0.7, 0.7, 0.7, 0.7, 0.7, 0.7, 0.7, 0.8, 0.8, 0.8, 0.8, 0.8, 0.8, 0.8, 0.8, 0.8, 0.8, 0.8, 0.8, 0.8, 0.8, 0.9, 0.9, 0.9, 0.9, 0.9, 0.9, 0.9, 0.9, 0.9, 0.9, 0.9, 0.9, 0.9, 0.9, 0.9, 0.9, 0.9, 0.9, 1.0, 1.0, 1.0, 1.1, 1.1, 1.1, 1.1, 1.1, 1.1, 1.1, 1.1, 1.2, 1.2, 1.2, 1.3, 1.3, 1.4], "maxima": [0, 0, 0, 0, 0, 0, 0, 1, 1, 1, 1, 1, 1, 1, 1, 1, 1, 1, 1, 1, 1, 1, 1, 1, 1, 1, 1, 1, 1, 1, 1, 1, 2, 2, 2, 2, 2, 2, 2, 2, 2, 2, 2, 2, 2, 2, 2, 2, 2, 2, 2, 2, 2, 2, 2, 2, 2, 2, 2, 2, 2, 2, 2, 2, 2, 2, 2, 2, 2, 2, 2, 2, 2, 2, 2, 2, 2, 2, 2, 2, 2, 2, 2, 2, 2, 2, 3, 3, 3, 3, 3, 3, 3, 3, 3, 3, 3, 3, 3, 4], "stddev": [0.0, 0.0, 0.0, 0.0, 0.0, 0.0, 0.0, 0.30000000000000004, 0.30000000000000004, 0.30000000000000004, 0.4000000000000001, 0.4000000000000001, 0.4000000000000001, 0.4000000000000001, 0.4000000000000001, 0.4000000000000001, 0.45825756949558405, 0.45825756949558405, 0.4898979485566356, 0.4898979485566356, 0.4898979485566356, 0.4898979485566356, 0.4898979485566356, 0.4898979485566356, 0.4898979485566356, 0.4898979485566356, 0.4898979485566356, 0.4898979485566356, 0.4898979485566356, 0.4898979485566356, 0.4898979485566356, 0.4898979485566356, 0.6708203932499369, 0.6708203932499369, 0.6708203932499369, 0.6708203932499369, 0.6708203932499369, 0.6708203932499369, 0.6708203932499369, 0.6708203932499369, 0.6403124237432849, 0.6403124237432849, 0.6403124237432849, 0.6403124237432849, 0.6403124237432849, 0.6403124237432849, 0.6403124237432849, 0.6403124237432849, 0.6403124237432849, 0.6403124237432849, 0.6403124237432849, 0.7483314773547882, 0.7483314773547882, 0.7483314773547882, 0.7483314773547882, 0.7483314773547882, 0.7483314773547882, 0.7483314773547882, 0.7483314773547882, 0.7483314773547882, 0.7483314773547882, 0.7483314773547882, 0.7483314773547882, 0.7483314773547882, 0.7483314773547882, 0.7000000000000001, 0.7000000000000001, 0.7000000000000001, 0.7000000000000001, 0.7000000000000001, 0.7000000000000001, 0.7000000000000001, 0.7000000000000001, 0.7000000000000001, 0.7000000000000001, 0.7000000000000001, 0.7000000000000001, 0.7000000000000001, 0.7000000000000001, 0.7000000000000001, 0.7000000000000001, 0.7000000000000001, 0.7000000000000001, 0.7745966692414834, 0.7745966692414834, 0.7745966692414834, 0.9433981132056605, 0.9433981132056605, 0.9433981132056605, 0.9433981132056605, 0.9433981132056605, 0.9433981132056605, 0.9433981132056605, 0.9433981132056605, 0.8717797887081347, 0.8717797887081347, 0.8717797887081347, 1.004987562112089, 1.004987562112089, 1.2], "minima": [0, 0, 0, 0, 0, 0, 0, 0, 0, 0, 0, 0, 0, 0, 0, 0, 0, 0, 0, 0, 0, 0, 0, 0, 0, 0, 0, 0, 0, 0, 0, 0, 0, 0, 0, 0, 0, 0, 0, 0, 0, 0, 0, 0, 0, 0, 0, 0, 0, 0, 0, 0, 0, 0, 0, 0, 0, 0, 0, 0, 0, 0, 0, 0, 0, 0, 0, 0, 0, 0, 0, 0, 0, 0, 0, 0, 0, 0, 0, 0, 0, 0, 0, 0, 0, 0, 0, 0, 0, 0, 0, 0, 0, 0, 0, 0, 0, 0, 0, 0]}