{"stddev": [0.0, 0.0, 0.30000000000000004, 0.30000000000000004, 0.30000000000000004, 0.30000000000000004, 0.4000000000000001, 0.4000000000000001, 0.48989794855663565, 0.5, 0.5, 0.66332495807108, 0.7810249675906655, 0.8717797887081348, 1.044030650891055, 1.044030650891055, 1.044030650891055, 1.044030650891055, 1.2649110640673518, 1.2206555615733703, 1.2688577540449522, 1.2688577540449522, 1.3601470508735443, 1.3601470508735443, 1.3564659966250538, 1.3564659966250538, 1.3564659966250538, 1.3564659966250538, 1.3564659966250538, 1.4177446878757824, 1.4177446878757824, 1.6000000000000003, 1.8138357147217055, 1.8138357147217055, 1.7578395831246945, 1.7578395831246945, 1.7578395831246945, 1.9519221295943134, 1.9519221295943134, 1.9519221295943134, 1.8547236990991407, 1.8547236990991407, 1.8547236990991407, 1.8547236990991407, 1.857417562100671, 1.8547236990991407, 1.8547236990991407, 1.8466185312619388, 1.8466185312619388, 1.7776388834631176, 1.8138357147217055, 1.8138357147217055, 1.886796226411321, 1.9000000000000001, 1.9000000000000001, 1.8547236990991407, 1.7916472867168918, 1.7204650534085255, 1.7, 1.6401219466856725, 1.7435595774162693, 1.7435595774162693, 1.7435595774162693, 1.5620499351813308, 1.5524174696260025, 1.661324772583615, 1.5491933384829668, 1.5491933384829668, 1.374772708486752, 1.4, 1.4177446878757827, 1.4966629547095764, 1.4966629547095764, 1.4966629547095764, 1.4966629547095764, 1.6278820596099706, 1.6852299546352716, 1.8466185312619385, 1.9390719429665317, 1.9390719429665317, 1.9390719429665317, 1.9390719429665317, 1.9390719429665317, 1.9390719429665317, 1.9390719429665317, 1.9390719429665317, 1.9390719429665317, 1.9390719429665317, 1.9390719429665317, 1.9390719429665317, 1.9390719429665317, 1.9390719429665317, 1.9390719429665317, 1.9390719429665317, 1.9390719429665317, 1.9390719429665317, 1.9390719429665317, 1.9390719429665317, 1.9390719429665317, 1.9390719429665317], "maxima": [0, 0, 1, 1, 1, 1, 1, 1, 1, 1, 1, 2, 2, 2, 3, 3, 3, 3, 4, 4, 4, 4, 4, 4, 4, 4, 4, 4, 4, 4, 4, 5, 6, 6, 6, 6, 6, 7, 7, 7, 7, 7, 7, 7, 7, 7, 7, 7, 7, 7, 7, 7, 7, 7, 7, 7, 7, 7, 7, 7, 7, 7, 7, 7, 7, 7, 7, 7, 7, 7, 7, 7, 7, 7, 7, 8, 8, 9, 9, 9, 9, 9, 9, 9, 9, 9, 9, 9, 9, 9, 9, 9, 9, 9, 9, 9, 9, 9, 9, 9], "minima": [0, 0, 0, 0, 0, 0, 0, 0, 0, 0, 0, 0, 0, 0, 0, 0, 0, 0, 0, 0, 0, 0, 0, 0, 0, 0, 0, 0, 0, 0, 0, 0, 0, 0, 0, 0, 0, 0, 0, 0, 0, 0, 0, 0, 0, 0, 0, 0, 0, 0, 0, 0, 0, 0, 0, 1, 1, 1, 1, 2, 2, 2, 2, 2, 2, 2, 2, 2, 3, 3, 3, 3, 3, 3, 3, 3, 3, 3, 3, 3, 3, 3, 3, 3, 3, 3, 3, 3, 3, 3, 3, 3, 3, 3, 3, 3, 3, 3, 3, 3], "avgs": [0.0, 0.0, 0.1, 0.1, 0.1, 0.1, 0.2, 0.2, 0.4, 0.5, 0.5, 0.6, 0.7, 0.8, 0.9, 0.9, 0.9, 0.9, 1.0, 1.1, 1.3, 1.3, 1.5, 1.5, 1.6, 1.6, 1.6, 1.6, 1.6, 1.7, 1.7, 1.8, 1.9, 1.9, 2.1, 2.1, 2.1, 2.3, 2.3, 2.3, 2.4, 2.4, 2.4, 2.4, 2.5, 2.6, 2.6, 2.7, 2.7, 2.8, 2.9, 2.9, 3.2, 3.3, 3.3, 3.6, 3.7, 3.8, 3.9, 4.1, 4.4, 4.4, 4.4, 4.6, 4.7, 4.8, 5.0, 5.0, 5.1, 5.2, 5.3, 5.4, 5.4, 5.4, 5.4, 5.5, 5.6, 5.7, 5.8, 5.8, 5.8, 5.8, 5.8, 5.8, 5.8, 5.8, 5.8, 5.8, 5.8, 5.8, 5.8, 5.8, 5.8, 5.8, 5.8, 5.8, 5.8, 5.8, 5.8, 5.8]}