{"avgs": [0.0, 0.0, 0.0, 0.0, 0.0, 0.0, 0.0, 0.0, 0.0, 0.0, 0.0, 0.0, 0.0, 0.0, 0.0, 0.0, 0.0, 0.0, 0.1, 0.1, 0.1, 0.1, 0.1, 0.1, 0.1, 0.1, 0.2, 0.2, 0.2, 0.2, 0.2, 0.2, 0.2, 0.2, 0.2, 0.2, 0.2, 0.2, 0.2, 0.2, 0.2, 0.2, 0.2, 0.2, 0.2, 0.2, 0.2, 0.2, 0.2, 0.2, 0.2, 0.2, 0.2, 0.2, 0.2, 0.2, 0.2, 0.2, 0.2, 0.2, 0.2, 0.2, 0.2, 0.2, 0.2, 0.2, 0.2, 0.2, 0.2, 0.3, 0.4, 0.4, 0.4, 0.4, 0.4, 0.4, 0.4, 0.4, 0.4, 0.4, 0.4, 0.4, 0.4, 0.4, 0.4, 0.4, 0.4, 0.4, 0.4, 0.4, 0.4, 0.4, 0.4, 0.4, 0.4, 0.4, 0.4, 0.4, 0.4, 0.4], "stddev": [0.0, 0.0, 0.0, 0.0, 0.0, 0.0, 0.0, 0.0, 0.0, 0.0, 0.0, 0.0, 0.0, 0.0, 0.0, 0.0, 0.0, 0.0, 0.30000000000000004, 0.30000000000000004, 0.30000000000000004, 0.30000000000000004, 0.30000000000000004, 0.30000000000000004, 0.30000000000000004, 0.30000000000000004, 0.4000000000000001, 0.4000000000000001, 0.4000000000000001, 0.4000000000000001, 0.4000000000000001, 0.4000000000000001, 0.4000000000000001, 0.4000000000000001, 0.4000000000000001, 0.4000000000000001, 0.4000000000000001, 0.4000000000000001, 0.4000000000000001, 0.4000000000000001, 0.4000000000000001, 0.4000000000000001, 0.4000000000000001, 0.4000000000000001, 0.4000000000000001, 0.4000000000000001, 0.4000000000000001, 0.4000000000000001, 0.4000000000000001, 0.4000000000000001, 0.4000000000000001, 0.4000000000000001, 0.4000000000000001, 0.4000000000000001, 0.4000000000000001, 0.4000000000000001, 0.4000000000000001, 0.4000000000000001, 0.4000000000000001, 0.4000000000000001, 0.4000000000000001, 0.4000000000000001, 0.4000000000000001, 0.4000000000000001, 0.4000000000000001, 0.4000000000000001, 0.4000000000000001, 0.4000000000000001, 0.4000000000000001, 0.6403124237432849, 0.66332495807108, 0.66332495807108, 0.66332495807108, 0.66332495807108, 0.66332495807108, 0.66332495807108, 0.66332495807108, 0.66332495807108, 0.66332495807108, 0.66332495807108, 0.66332495807108, 0.66332495807108, 0.66332495807108, 0.66332495807108, 0.66332495807108, 0.66332495807108, 0.66332495807108, 0.66332495807108, 0.66332495807108, 0.66332495807108, 0.66332495807108, 0.66332495807108, 0.66332495807108, 0.66332495807108, 0.66332495807108, 0.66332495807108, 0.66332495807108, 0.66332495807108, 0.66332495807108, 0.66332495807108], "maxima": [0, 0, 0, 0, 0, 0, 0, 0, 0, 0, 0, 0, 0, 0, 0, 0, 0, 0, 1, 1, 1, 1, 1, 1, 1, 1, 1, 1, 1, 1, 1, 1, 1, 1, 1, 1, 1, 1, 1, 1, 1, 1, 1, 1, 1, 1, 1, 1, 1, 1, 1, 1, 1, 1, 1, 1, 1, 1, 1, 1, 1, 1, 1, 1, 1, 1, 1, 1, 1, 2, 2, 2, 2, 2, 2, 2, 2, 2, 2, 2, 2, 2, 2, 2, 2, 2, 2, 2, 2, 2, 2, 2, 2, 2, 2, 2, 2, 2, 2, 2], "minima": [0, 0, 0, 0, 0, 0, 0, 0, 0, 0, 0, 0, 0, 0, 0, 0, 0, 0, 0, 0, 0, 0, 0, 0, 0, 0, 0, 0, 0, 0, 0, 0, 0, 0, 0, 0, 0, 0, 0, 0, 0, 0, 0, 0, 0, 0, 0, 0, 0, 0, 0, 0, 0, 0, 0, 0, 0, 0, 0, 0, 0, 0, 0, 0, 0, 0, 0, 0, 0, 0, 0, 0, 0, 0, 0, 0, 0, 0, 0, 0, 0, 0, 0, 0, 0, 0, 0, 0, 0, 0, 0, 0, 0, 0, 0, 0, 0, 0, 0, 0]}