{"stddev": [0.0, 0.0, 0.0, 0.4000000000000001, 0.4000000000000001, 0.66332495807108, 0.66332495807108, 0.806225774829855, 0.806225774829855, 0.8, 0.8, 0.8, 0.7810249675906655, 0.7810249675906655, 0.8306623862918076, 1.0, 1.0, 0.9433981132056604, 0.9433981132056604, 0.9433981132056604, 1.0770329614269007, 1.0770329614269007, 1.2688577540449522, 1.2688577540449522, 1.2688577540449522, 1.2041594578792296, 1.3564659966250536, 1.4177446878757822, 1.4177446878757822, 1.4000000000000001, 1.7320508075688772, 1.7320508075688772, 1.9209372712298547, 1.9209372712298547, 1.9209372712298547, 1.9209372712298547, 1.8330302779823362, 1.8330302779823362, 1.8330302779823362, 1.8330302779823362, 1.8466185312619385, 1.9595917942265426, 1.9519221295943134, 1.9390719429665317, 1.9390719429665317, 1.972308292331602, 1.8973665961010275, 1.9209372712298547, 1.9209372712298547, 1.9209372712298547, 1.9209372712298547, 2.039607805437114, 2.0024984394500787, 2.2, 2.1563858652847827, 2.2, 2.2, 2.4, 2.4, 2.4, 2.4, 2.4269322199023193, 2.4269322199023193, 2.4269322199023193, 2.507987240796891, 2.481934729198171, 2.6851443164195103, 2.65329983228432, 2.65329983228432, 2.65329983228432, 2.65329983228432, 2.615339366124404, 2.6, 2.9933259094191533, 2.9933259094191533, 2.9933259094191533, 2.9933259094191533, 2.9681644159311658, 2.9681644159311658, 3.1064449134018135, 3.1064449134018135, 3.627671429443411, 3.627671429443411, 3.627671429443411, 3.627671429443411, 3.627671429443411, 3.627671429443411, 3.627671429443411, 3.627671429443411, 3.627671429443411, 3.627671429443411, 3.627671429443411, 3.627671429443411, 3.627671429443411, 3.627671429443411, 3.627671429443411, 3.627671429443411, 3.627671429443411, 3.627671429443411, 3.627671429443411], "maxima": [0, 0, 0, 1, 1, 2, 2, 2, 2, 2, 2, 2, 2, 2, 2, 3, 3, 3, 3, 3, 3, 3, 4, 4, 4, 4, 4, 4, 4, 4, 5, 5, 6, 6, 6, 6, 6, 6, 6, 6, 6, 7, 7, 7, 7, 7, 7, 7, 7, 7, 7, 7, 7, 8, 8, 8, 8, 8, 8, 8, 8, 8, 8, 8, 9, 9, 10, 10, 10, 10, 10, 10, 10, 11, 11, 11, 11, 11, 11, 12, 12, 14, 14, 14, 14, 14, 14, 14, 14, 14, 14, 14, 14, 14, 14, 14, 14, 14, 14, 14], "minima": [0, 0, 0, 0, 0, 0, 0, 0, 0, 0, 0, 0, 0, 0, 0, 0, 0, 0, 0, 0, 0, 0, 0, 0, 0, 0, 0, 0, 0, 0, 0, 0, 0, 0, 0, 0, 0, 0, 0, 0, 0, 0, 0, 0, 0, 0, 0, 0, 0, 0, 0, 0, 0, 0, 0, 0, 0, 0, 0, 0, 0, 0, 0, 0, 0, 0, 0, 0, 0, 0, 0, 0, 0, 0, 0, 0, 0, 0, 0, 0, 0, 0, 0, 0, 0, 0, 0, 0, 0, 0, 0, 0, 0, 0, 0, 0, 0, 0, 0, 0], "avgs": [0.0, 0.0, 0.0, 0.2, 0.2, 0.4, 0.4, 0.5, 0.5, 0.6, 0.6, 0.6, 0.7, 0.7, 0.9, 1.0, 1.0, 1.1, 1.1, 1.1, 1.2, 1.2, 1.3, 1.3, 1.3, 1.5, 1.6, 1.7, 1.7, 1.8, 2.0, 2.0, 2.1, 2.1, 2.1, 2.1, 2.2, 2.2, 2.2, 2.2, 2.3, 2.6, 2.7, 2.8, 2.8, 2.9, 3.0, 3.1, 3.1, 3.1, 3.1, 3.2, 3.3, 3.4, 3.5, 3.6, 3.6, 3.8, 3.8, 3.8, 3.8, 3.9, 3.9, 3.9, 4.1, 4.2, 4.3, 4.4, 4.4, 4.4, 4.4, 4.6, 4.8, 5.2, 5.2, 5.2, 5.2, 5.3, 5.3, 5.5, 5.5, 5.8, 5.8, 5.8, 5.8, 5.8, 5.8, 5.8, 5.8, 5.8, 5.8, 5.8, 5.8, 5.8, 5.8, 5.8, 5.8, 5.8, 5.8, 5.8]}